model,key,data
stats,1,"{""provincial_networks"":7,""monitored_defenders"":1200,""resolved_cases"":150,""total_visitors"":0}"
province,p1,"{""name"":""Koshi Province Desk"",""code"":""p1"",""base_city"":""Biratnagar"",""coords_lat"":26.4525,""coords_lng"":87.2718,""coordinators_count"":12,""districts_count"":14,""helpline_phone"":""+977-21-524100"",""address"":""Main Road Ward No. 4 Biratnagar"",""helpdesk_email"":""helpdesk.koshi@hrdforum.org"",""active_cases"":14,""description"":""Regional monitoring and legal aid desk."",""long_summary"":""Coordinates legal aid and emergency relocation across Eastern districts.""}"
province,p2,"{""name"":""Madhesh Province Desk"",""code"":""p2"",""base_city"":""Janakpurdham"",""coords_lat"":26.7288,""coords_lng"":85.9254,""coordinators_count"":15,""districts_count"":8,""helpline_phone"":""+977-41-520330"",""address"":""Station Road Janakpurdham"",""helpdesk_email"":""helpdesk.madhesh@hrdforum.org"",""active_cases"":22,""description"":""Community advocacy and paralegal support desk."",""long_summary"":""Monitors gender rights and grassroots paralegal networks in border districts.""}"
province,p3,"{""name"":""Bagmati Province Desk Central HQ"",""code"":""p3"",""base_city"":""Kathmandu"",""coords_lat"":27.6939,""coords_lng"":85.334,""coordinators_count"":20,""districts_count"":13,""helpline_phone"":""+977-01-55511400"",""address"":""Thapagaun New Baneshwor Kathmandu"",""helpdesk_email"":""helpdesk.bagmati@hrdforum.org"",""active_cases"":35,""description"":""National coordination and rapid response desk."",""long_summary"":""Serves as the national command hub for litigation support and emergency response.""}"
province,p4,"{""name"":""Gandaki Province Desk"",""code"":""p4"",""base_city"":""Pokhara"",""coords_lat"":28.2096,""coords_lng"":83.9856,""coordinators_count"":10,""districts_count"":11,""helpline_phone"":""+977-61-532190"",""address"":""New Road Pokhara"",""helpdesk_email"":""helpdesk.gandaki@hrdforum.org"",""active_cases"":9,""description"":""Environmental and land rights monitoring desk."",""long_summary"":""Protects eco-defenders and indigenous river basin advocates.""}"
province,p5,"{""name"":""Lumbini Province Desk"",""code"":""p5"",""base_city"":""Butwal"",""coords_lat"":27.7006,""coords_lng"":83.4484,""coordinators_count"":14,""districts_count"":12,""helpline_phone"":""+977-71-540220"",""address"":""Traffic Chowk Butwal"",""helpdesk_email"":""helpdesk.lumbini@hrdforum.org"",""active_cases"":18,""description"":""Community legal aid desk."",""long_summary"":""Monitors labor rights advocates and migrant safety networks.""}"
province,p6,"{""name"":""Karnali Province Desk"",""code"":""p6"",""base_city"":""Surkhet"",""coords_lat"":28.6019,""coords_lng"":81.6348,""coordinators_count"":8,""districts_count"":10,""helpline_phone"":""+977-83-521090"",""address"":""Birendranagar Surkhet"",""helpdesk_email"":""helpdesk.karnali@hrdforum.org"",""active_cases"":11,""description"":""Remote-access defender support desk."",""long_summary"":""Supports mountain defenders facing geographic isolation.""}"
province,p7,"{""name"":""Sudurpashchim Province Desk"",""code"":""p7"",""base_city"":""Dhangadhi"",""coords_lat"":28.6852,""coords_lng"":80.594,""coordinators_count"":11,""districts_count"":9,""helpline_phone"":""+977-91-523410"",""address"":""Main Bazaar Dhangadhi"",""helpdesk_email"":""helpdesk.sudurpashchim@hrdforum.org"",""active_cases"":13,""description"":""Grassroots protective action desk."",""long_summary"":""Focuses on Dalit rights defenders and rural legal assistants.""}"
news,n1,"{""title"":""HRD Forum Launches Provincial Safety Monitoring Initiative"",""published_date"":""2026-09-01"",""image_url"":""https://images.unsplash.com/photo-1577962917302-cd874c4e31d2?w=500&q=80"",""category"":""Safety"",""summary"":""Establishing 24/7 hotline desks across Koshi and Madhesh provinces."",""content"":""HRD Forum Nepal has established dedicated monitoring focal points and response mechanisms.""}"
news,n2,"{""title"":""New Policy Guidelines Released for Defender Protection"",""published_date"":""2026-08-15"",""image_url"":""https://images.unsplash.com/photo-1450133064473-71024230f91b?w=500&q=80"",""category"":""Policy"",""summary"":""Legal framework blueprint presented for civic space protection."",""content"":""Civil society coalitions presented protection guidelines for constitutional review.""}"
gallery,g1,"{""title"":""National Convention Keynote Speech"",""image_url"":""https://images.unsplash.com/photo-1540910419892-4a36d2c3266c?w=600&q=80"",""category"":""Assemblies""}"
gallery,g2,"{""title"":""Provincial Legal Workshop in Janakpur"",""image_url"":""https://images.unsplash.com/photo-1577962917302-cd874c4e31d2?w=600&q=80"",""category"":""Training""}"
gallery,g3,"{""title"":""Grassroots Fact-Finding Mission in Karnali"",""image_url"":""https://images.unsplash.com/photo-1450133064473-71024230f91b?w=600&q=80"",""category"":""Fact-Finding""}"
resource,r1,"{""title"":""Annual Protection Status Report 2025"",""category"":""Report"",""format"":""PDF"",""file_size"":""4.2 MB"",""file_url"":""#"",""is_gated"":true}"
resource,r2,"{""title"":""Strategic Plan 2026-2030 Blueprint"",""category"":""Publication"",""format"":""PDF"",""file_size"":""2.8 MB"",""file_url"":""#"",""is_gated"":true}"
resource,r3,"{""title"":""Grassroots Security and Digital Safety Manual"",""category"":""Manual"",""format"":""PDF"",""file_size"":""3.5 MB"",""file_url"":""#"",""is_gated"":false}"
team,t1,"{""name"":""Adv. Sunita Shrestha"",""designation"":""Executive Director"",""category"":""executive"",""bio"":""Lead human rights attorney advocating for civic space protections."",""image_url"":""https://images.unsplash.com/photo-1573496359142-b8d87734a5a2?w=400&q=80"",""order_index"":1}"
team,t2,"{""name"":""Dr. Rajesh Thapa"",""designation"":""Chairperson"",""category"":""executive"",""bio"":""Constitutional scholar leading strategic litigation and policy advocacy."",""image_url"":""https://images.unsplash.com/photo-1560250097-0b93528c311a?w=400&q=80"",""order_index"":2}"
team,t3,"{""name"":""Bibek Adhikari"",""designation"":""Head of Rapid Response"",""category"":""executive"",""bio"":""Coordinates emergency response across all seven provinces."",""image_url"":""https://images.unsplash.com/photo-1519085360753-af0119f7cbe7?w=400&q=80"",""order_index"":3}"
collaboration,c1,"{""name"":""National Human Rights Commission NHRC"",""category"":""institutional"",""logo_url"":""https://images.unsplash.com/photo-1541872703-74c5e44368f9?w=400&q=80"",""blurb"":""Joint fact-finding missions and rapid defender alert escalation."",""website_url"":""#"",""order_index"":1}"
collaboration,c2,"{""name"":""International Rights Protection Coalition"",""category"":""institutional"",""logo_url"":""https://images.unsplash.com/photo-1577962917302-cd874c4e31d2?w=400&q=80"",""blurb"":""International emergency grants and diplomatic support for high-risk advocates."",""website_url"":""#"",""order_index"":2}"
video,v1,"{""title"":""Voices of Frontline Defenders in Nepal"",""embed_url"":""https://www.youtube.com/embed/5qap5aO4i9A"",""category"":""Documentary"",""published_date"":""2026-07-01""}"
popup,p1,"{""image_url"":""https://images.unsplash.com/photo-1540910419892-4a36d2c3266c?w=800&q=80"",""title"":""National Human Rights Defenders Convention 2026"",""subtitle"":""Join regional coordinators and legal observers in Kathmandu."",""link_url"":""#"",""link_text"":""Register Online Now"",""active"":true}"
